{
    "embedding_type": "Random (No Pre-training)",
    "embedding_dim": 100,
    "accuracy": 79.69,
    "precision": 80.82220809493536,
    "recall": 77.20647773279352,
    "f1_score": 78.97297856921007,
    "confusion_matrix": {
        "TP": 3814,
        "TN": 4155,
        "FP": 905,
        "FN": 1126
    },
    "loss_history": [
        0.6425046317461061,
        0.38203843228700685,
        0.26999189522935124,
        0.20230772182708834,
        0.15283574036708691,
        0.11973640431718129,
        0.11041440621654434,
        0.08350698327327646,
        0.05778473413481218,
        0.04780444482386839,
        0.03933165789150247,
        0.05273012423933279,
        0.03851102236601547,
        0.034517482479625355,
        0.031876070231835286
    ],
    "hyperparameters": {
        "n_layers": 2,
        "hidden_dim": 128,
        "embedding_dim": 100,
        "batch_size": 256,
        "learning_rate": 0.002,
        "num_epochs": 15,
        "sequence_length": 150
    }
}