{
    "embedding_dim": 100,
    "accuracy": 81.53,
    "precision": 83.15112540192926,
    "recall": 78.52226720647774,
    "f1_score": 80.77043206663197,
    "confusion_matrix": {
        "TP": 3879,
        "TN": 4274,
        "FP": 786,
        "FN": 1061
    },
    "loss_history": [
        0.6381533625649243,
        0.4303641791750745,
        0.3118770947543586,
        0.2460974273158283,
        0.19894022712620293,
        0.1615918635776857,
        0.1155993987510844,
        0.08714193073896373,
        0.07135697640478611,
        0.05336380565947876,
        0.05213229889731582,
        0.03575030977769596,
        0.030931753543682577,
        0.027541000464158815,
        0.020932504413195135
    ],
    "hyperparameters": {
        "n_layers": 2,
        "hidden_dim": 128,
        "embedding_dim": 100,
        "batch_size": 256,
        "learning_rate": 0.002,
        "num_epochs": 15,
        "sequence_length": 150
    }
}